step,total_sys_wealth,stablecoin_vol,deposit_vol,mmf_vol,cbdc_vol,total_yield,cum_volume,collateral_unlocked
1,401200.7397260274,42983.16885942043,112205.98958355059,6000.739726027397,200010.841557029,0.7397260273972602,6616.831140579567,16.262335543467508
2,400801.4795432539,42255.80080180661,112516.98923828371,6001.479543253894,200027.20995990967,1.4795432538937887,7344.199198193388,40.81493986450417
3,400402.21945169073,41643.96948600474,112718.2289882955,6002.219451690734,200037.8015256998,2.21945169073331,7956.030513995262,56.70228854964468
4,400602.95945134916,40841.70229542888,113690.38281934257,6002.959451349161,200067.91488522856,2.9594513491609344,8758.297704571125,101.87232784283438
5,400603.6995422404,40170.503903660254,114348.02129152275,6003.699542240423,200081.474804817,3.6995422404231597,9429.496096339746,122.21220722548081
6,400604.4397243758,39537.366148624664,114969.50215880656,6004.4397243757685,200093.13169256877,4.439724375767869,10062.633851375336,139.69753885315012
7,400605.17999776645,38947.1296814144,115540.22680265631,6005.179997766445,200112.6435159293,5.179997766444334,10652.8703185856,168.96527389391989
8,400805.9203624237,38405.69877433947,116264.5861643775,6005.920362423704,200129.71506128303,5.920362423703211,11194.301225660533,194.5725919245398
9,401006.6608183588,37948.5845625303,116908.84466559622,6006.660818358798,200142.57077187352,6.660818358796544,11651.415437469705,213.85615781022773
10,400807.401365583,37189.254075978235,117450.20862782067,6007.4013655829785,200160.5372962011,7.401365582977766,12410.745924021765,240.8059443016322
11,400808.14200410753,36874.702481639884,117759.0326424421,6008.1420041075025,200166.26487591804,8.142004107501695,12725.297518360116,249.39731387700851
12,401008.88273394364,36473.01929627622,118340.63166853758,6008.882733943626,200186.34903518623,8.882733943624537,13126.98070372378,279.52355277928336
13,401409.6235551026,36035.80133083362,119155.98873570804,6009.623555102605,200208.20993345836,9.623555102603888,13564.198669166382,312.3149001874785
14,401210.3644675957,35284.71327066414,119689.52239286905,6010.364467595699,200225.76433646682,10.364467595698729,14315.286729335863,338.6465047001893
15,400811.1054714342,34592.386224910726,119967.2330863348,6011.10547143417,200240.3806887545,11.10547143416943,15007.61377508928,360.5710331316957
16,400411.8465666293,33895.71615959101,120249.06964838854,6011.846566629279,200255.21419202047,11.846566629277753,15704.283840408996,382.8212880306745
17,400412.5877531923,33219.27439660474,120911.6893232255,6012.587753192288,200269.0362801698,12.587753192286842,16380.725603395265,403.5544202546446
18,400613.3290311345,32825.05902157582,121496.19392950296,6013.329031134463,200278.74704892124,13.329031134461234,16774.940978424183,418.1205733818133
19,401014.0704004671,32258.838759739923,122434.10317824707,6014.070400467068,200307.05806201303,14.070400467066852,17341.161240260088,460.5870930195059
20,401414.8118612014,31914.42428222501,123161.29693188623,6014.811861201372,200324.27878588878,14.811861201371011,17685.575717775002,486.4181788331244
21,401215.5534133487,31178.54765721453,123680.37972564618,6015.5534133486435,200341.07261713932,15.553413348642414,18421.45234278548,511.60892570891014
22,400816.29505692015,30360.972359842028,124077.07625815006,6016.295056920152,200361.95138200792,16.29505692015115,19239.027640157983,542.9270730118479
23,400817.0367919272,30072.07073277935,124351.5328038596,6017.036791927169,200376.39646336107,17.036791927168704,19527.929267220657,564.5946950415487
24,401017.778618381,29457.675261935125,125145.20850116161,6017.7786183809685,200397.11623690327,17.778618380967945,20142.32473806488,595.6743553548655
25,401018.5205362928,28663.29022221517,125919.87428889557,6018.520536292824,200416.83548888925,18.520536292823135,20936.709777784836,625.2532333338621
26,400819.262545674,28311.242492714322,126064.31963192137,6019.262545674011,200424.43787536433,19.26254567400992,21288.757507285685,636.6568130464256
27,400620.0046465358,27861.104236050007,126311.95097575248,6020.004646535806,200426.94478819752,20.004646535805346,21738.895763950004,640.4171822962494
28,400820.7468388895,27482.408500785616,126881.71192425366,6020.746838889489,200435.87957496074,20.746838889487844,22117.591499214395,653.8193624410787
29,400221.48912274634,26545.179111171798,127212.07984438678,6021.489122746338,200442.74104444144,21.489122746337234,23054.820888828213,664.1115666621153
30,400022.2314981176,25898.10435269266,127656.80086494196,6022.231498117635,200445.0947823654,22.23149811763473,23701.895647307352,667.6421735480507
31,399622.9739650147,25066.88287750916,128076.46126636628,6022.973965014663,200456.65585612456,22.97396501466293,24533.117122490854,684.9837841868128
32,400023.7165234487,24573.395161668963,128965.27459641447,6023.716523448706,200461.33024191658,23.716523448705836,25026.604838331048,691.9953628748276
33,400024.45917343104,23943.21954512809,129593.9414321283,6024.459173431049,200462.83902274363,24.459173431048825,25656.780454871925,694.2585341153932
34,400025.201914973,23343.21954512809,130193.9414321283,6025.201914972979,200462.83902274363,25.20191497297868,26256.780454871925,694.2585341153932
35,400025.9447480858,22864.671146851426,130668.56241049113,6025.944748085783,200466.76644265745,25.94474808578357,26735.328853148585,700.1496639861429
36,400226.68767278077,22464.671146851426,131268.56241049114,6026.687672780753,200466.76644265745,26.68767278075305,27135.328853148585,700.1496639861429
37,400427.4306890692,21945.312973599404,131981.95267508054,6027.430689069178,200472.73435132005,27.430689069178076,27654.687026400607,709.1015269800445
38,400228.17379696236,21345.312973599404,132381.95267508054,6028.173796962351,200472.73435132005,28.173796962350988,28254.687026400607,709.1015269800445
39,400028.9169964716,20745.312973599404,132781.95267508054,6028.916996471566,200472.73435132005,28.916996471565525,28854.687026400607,709.1015269800445
40,399829.6602876081,20145.312973599404,133181.95267508054,6029.660287608117,200472.73435132005,29.660287608116814,29454.687026400607,709.1015269800445
41,400430.4036703833,20145.312973599404,133781.95267508054,6030.403670383302,200472.73435132005,30.403670383301375,29454.687026400607,709.1015269800445
42,400631.14714480843,19745.312973599404,134381.95267508054,6031.147144808418,200472.73435132005,31.147144808417124,29854.687026400607,709.1015269800445
43,400631.8907108948,19145.312973599404,134981.95267508054,6031.890710894764,200472.73435132005,31.890710894763366,30454.687026400607,709.1015269800445
44,400232.63436865364,18745.312973599404,134981.95267508054,6032.634368653642,200472.73435132005,32.634368653640806,30854.687026400607,709.1015269800445
45,400433.3781180964,18545.312973599404,135381.95267508054,6033.378118096352,200472.73435132005,33.37811809635153,31054.687026400607,709.1015269800445
46,400434.1219592342,17870.784615374872,136052.75461539385,6034.1219592341995,200476.4607692313,34.121959234199025,31729.21538462514,714.6911538468843
47,400634.8658920785,17670.784615374872,136452.75461539385,6034.865892078488,200476.4607692313,34.86589207848817,31929.21538462514,714.6911538468843
48,400635.6099166405,17470.784615374872,136652.75461539385,6035.609916640526,200476.4607692313,35.60991664052525,32129.21538462514,714.6911538468843
49,400636.3540329316,16870.784615374872,137252.75461539385,6036.354032931618,200476.4607692313,36.354032931617915,32729.21538462514,714.6911538468843
50,400837.09824096307,16870.784615374872,137452.75461539385,6037.098240963076,200476.4607692313,37.09824096307524,32729.21538462514,714.6911538468843
51,400637.8425407462,16470.784615374872,137652.75461539385,6037.842540746208,200476.4607692313,37.842540746207675,33129.21538462514,714.6911538468843
52,400838.5869322923,16070.784615374874,138252.75461539385,6038.586932292327,200476.4607692313,38.58693229232707,33529.21538462514,714.6911538468843
53,400039.3314156128,15270.784615374874,138252.75461539385,6039.331415612747,200476.4607692313,39.331415612746675,34329.21538462514,714.6911538468843
54,400040.0759907188,14870.784615374874,138652.75461539385,6040.075990718781,200476.4607692313,40.07599071878112,34729.21538462514,714.6911538468843
55,400040.8206576218,14470.784615374874,139052.75461539385,6040.820657621746,200476.4607692313,40.82065762174645,35129.21538462514,714.6911538468843
56,400441.565416333,14070.784615374874,139852.75461539385,6041.56541633296,200476.4607692313,41.56541633296009,35529.21538462514,714.6911538468843
57,400642.31026686373,13870.784615374874,140252.75461539385,6042.310266863741,200476.4607692313,42.310266863740864,35729.21538462514,714.6911538468843
58,400843.0552092254,13670.784615374874,140652.75461539385,6043.055209225409,200476.4607692313,43.055209225408994,35929.21538462514,714.6911538468843
59,400843.8002434293,13270.784615374874,141052.75461539385,6043.800243429287,200476.4607692313,43.8002434292861,36329.21538462514,714.6911538468843
60,401044.5453694867,13270.784615374874,141252.75461539385,6044.545369486696,200476.4607692313,44.545369486695186,36329.21538462514,714.6911538468843
61,401245.290587409,13270.784615374874,141452.75461539385,6045.290587408961,200476.4607692313,45.29058740896067,36329.21538462514,714.6911538468843
62,401046.0358972074,12670.784615374874,141852.75461539385,6046.035897207409,200476.4607692313,46.03589720740835,36929.21538462514,714.6911538468843
63,400646.7812988934,12270.784615374874,141852.75461539385,6046.7812988933665,200476.4607692313,46.781298893365424,37329.21538462514,714.6911538468843
64,400447.52679247817,12070.784615374874,141852.75461539385,6047.526792478162,200476.4607692313,47.526792478160495,37529.21538462514,714.6911538468843
65,401048.27237797313,12070.784615374874,142452.75461539385,6048.272377973125,200476.4607692313,48.272377973123554,37529.21538462514,714.6911538468843
66,401049.0180553896,11670.784615374874,142852.75461539385,6049.018055389587,200476.4607692313,49.018055389585996,37929.21538462514,714.6911538468843
67,400649.7638247389,11070.784615374874,143052.75461539385,6049.763824738881,200476.4607692313,49.7638247388806,38529.21538462514,714.6911538468843
68,400250.50968603237,10670.784615374874,143052.75461539385,6050.509686032342,200476.4607692313,50.509686032341556,38929.21538462514,714.6911538468843
69,400251.2556392813,10270.784615374874,143452.75461539385,6051.255639281305,200476.4607692313,51.25563928130445,39329.21538462514,714.6911538468843
70,400452.0016844971,9870.784615374874,144052.75461539385,6052.001684497107,200476.4607692313,52.001684497106254,39729.21538462514,714.6911538468843
71,400452.7478216911,9470.784615374874,144452.75461539385,6052.747821691086,200476.4607692313,52.74782169108535,40129.21538462514,714.6911538468843
72,400653.4940508746,9270.784615374874,144852.75461539385,6053.494050874582,200476.4607692313,53.49405087458151,40329.21538462514,714.6911538468843
73,400454.24037205894,8670.784615374874,145252.75461539385,6054.240372058936,200476.4607692313,54.24037205893591,40929.21538462514,714.6911538468843
74,400854.9867852555,8670.784615374874,145652.75461539385,6054.986785255492,200476.4607692313,54.98678525549112,40929.21538462514,714.6911538468843
75,400655.7332904756,8270.784615374874,145852.75461539385,6055.733290475591,200476.4607692313,55.73329047559111,41329.21538462514,714.6911538468843
76,400856.4798877306,7870.784615374874,146452.75461539385,6056.479887730581,200476.4607692313,56.479887730581254,41729.21538462514,714.6911538468843
77,400457.22657703183,7470.784615374874,146452.75461539385,6057.226577031808,200476.4607692313,57.22657703180831,42129.21538462514,714.6911538468843
78,400457.9733583906,7070.784615374874,146852.75461539385,6057.97335839062,200476.4607692313,57.973358390620454,42529.21538462514,714.6911538468843
79,400258.7202318184,6470.784615374874,147252.75461539385,6058.720231818367,200476.4607692313,58.720231818367246,43129.21538462514,714.6911538468843
80,400459.4671973264,6270.784615374874,147652.75461539385,6059.467197326399,200476.4607692313,59.46719732639965,43329.21538462514,714.6911538468843
81,400660.2142549261,6070.784615374874,148052.75461539385,6060.21425492607,200476.4607692313,60.214254926070026,43529.21538462514,714.6911538468843
82,400860.96140462876,5670.784615374874,148652.75461539385,6060.9614046287315,200476.4607692313,60.96140462873215,43929.21538462514,714.6911538468843
83,400661.70864644577,5270.784615374874,148852.75461539385,6061.708646445741,200476.4607692313,61.70864644574117,44329.21538462514,714.6911538468843
84,400862.45598038845,5270.784615374874,149052.75461539385,6062.455980388453,200476.4607692313,62.45598038845365,44329.21538462514,714.6911538468843
85,401263.2034064682,5270.784615374874,149452.75461539385,6063.203406468227,200476.4607692313,63.20340646822757,44329.21538462514,714.6911538468843
86,401263.9509246964,4870.784615374874,149852.75461539385,6063.950924696422,200476.4607692313,63.950924696422284,44729.21538462514,714.6911538468843
87,401264.69853508443,4870.784615374874,149852.75461539385,6064.698535084398,200476.4607692313,64.69853508439856,44729.21538462514,714.6911538468843
88,401065.44623764354,4670.784615374874,149852.75461539385,6065.446237643518,200476.4607692313,65.44623764351856,44929.21538462514,714.6911538468843
89,401266.19403238513,4470.784615374874,150252.75461539385,6066.194032385145,200476.4607692313,66.19403238514585,45129.21538462514,714.6911538468843
90,400866.94191932067,4070.7846153748737,150252.75461539385,6066.941919320645,200476.4607692313,66.94191932064538,45529.21538462514,714.6911538468843
91,400867.6898984614,3870.7846153748737,150452.75461539385,6067.689898461384,200476.4607692313,67.68989846138355,45729.21538462514,714.6911538468843
92,401068.4379698187,3870.7846153748737,150652.75461539385,6068.437969818729,200476.4607692313,68.4379698187281,45729.21538462514,714.6911538468843
93,401069.18613340403,3470.7846153748737,151052.75461539385,6069.186133404049,200476.4607692313,69.18613340404822,46129.21538462514,714.6911538468843
94,401269.9343892287,3470.7846153748737,151252.75461539385,6069.934389228715,200476.4607692313,69.93438922871448,46129.21538462514,714.6911538468843
95,401070.68273730413,3270.7846153748737,151252.75461539385,6070.6827373041,200476.4607692313,70.68273730409884,46329.21538462514,714.6911538468843
96,401071.43117764156,3070.7846153748737,151452.75461539385,6071.431177641575,200476.4607692313,71.43117764157468,46529.21538462514,714.6911538468843
97,400672.1797102525,2670.7846153748737,151452.75461539385,6072.179710252517,200476.4607692313,72.17971025251678,46929.21538462514,714.6911538468843
98,400872.9283351483,2670.7846153748737,151652.75461539385,6072.928335148302,200476.4607692313,72.92833514830134,46929.21538462514,714.6911538468843
99,400673.6770523403,2270.7846153748737,151852.75461539385,6073.677052340307,200476.4607692313,73.67705234030593,47329.21538462514,714.6911538468843
100,401074.4258618399,2270.7846153748737,152252.75461539385,6074.42586183991,200476.4607692313,74.42586183990953,47329.21538462514,714.6911538468843
101,401075.1747636585,2270.7846153748737,152252.75461539385,6075.174763658493,200476.4607692313,75.17476365849254,47329.21538462514,714.6911538468843
102,401275.92375780747,2070.7846153748737,152652.75461539385,6075.923757807437,200476.4607692313,75.92375780743673,47529.21538462514,714.6911538468843
103,401276.6728442981,2070.7846153748737,152652.75461539385,6076.672844298126,200476.4607692313,76.67284429812531,47529.21538462514,714.6911538468843
104,401277.42202314193,2070.7846153748737,152652.75461539385,6077.422023141943,200476.4607692313,77.42202314194289,47529.21538462514,714.6911538468843
105,401478.1712943503,2070.7846153748737,152852.75461539385,6078.171294350275,200476.4607692313,78.17129435027546,47529.21538462514,714.6911538468843
106,401478.9206579345,2070.7846153748737,152852.75461539385,6078.92065793451,200476.4607692313,78.92065793451043,47529.21538462514,714.6911538468843
107,401479.67011390603,2070.7846153748737,152852.75461539385,6079.670113906036,200476.4607692313,79.6701139060366,47529.21538462514,714.6911538468843
108,401480.4196622762,2070.7846153748737,152852.75461539385,6080.419662276244,200476.4607692313,80.4196622762442,47529.21538462514,714.6911538468843
109,401481.16930305655,2070.7846153748737,152852.75461539385,6081.169303056525,200476.4607692313,81.16930305652483,47529.21538462514,714.6911538468843
110,401481.9190362583,2070.7846153748737,152852.75461539385,6081.919036258271,200476.4607692313,81.91903625827152,47529.21538462514,714.6911538468843
111,401482.6688618929,2070.7846153748737,152852.75461539385,6082.668861892878,200476.4607692313,82.66886189287871,47529.21538462514,714.6911538468843
112,401483.4187799718,2070.7846153748737,152852.75461539385,6083.418779971742,200476.4607692313,83.41877997174221,47529.21538462514,714.6911538468843
113,401484.16879050626,2070.7846153748737,152852.75461539385,6084.168790506259,200476.4607692313,84.16879050625927,47529.21538462514,714.6911538468843
114,401484.91889350786,2070.7846153748737,152852.75461539385,6084.918893507828,200476.4607692313,84.91889350782853,47529.21538462514,714.6911538468843
115,401485.66908898787,2070.7846153748737,152852.75461539385,6085.66908898785,200476.4607692313,85.66908898785005,47529.21538462514,714.6911538468843
116,401486.41937695775,2070.7846153748737,152852.75461539385,6086.419376957725,200476.4607692313,86.41937695772526,47529.21538462514,714.6911538468843
117,401487.16975742887,2070.7846153748737,152852.75461539385,6087.169757428856,200476.4607692313,87.16975742885704,47529.21538462514,714.6911538468843
118,401487.9202304127,2070.7846153748737,152852.75461539385,6087.920230412649,200476.4607692313,87.92023041264964,47529.21538462514,714.6911538468843
119,401488.67079592054,2070.7846153748737,152852.75461539385,6088.670795920509,200476.4607692313,88.67079592050874,47529.21538462514,714.6911538468843
120,401489.42145396385,2070.7846153748737,152852.75461539385,6089.4214539638415,200476.4607692313,89.4214539638414,47529.21538462514,714.6911538468843
