budget,cadence,oracle,week,street,strategy,n,pieces_done,compute_burned,purse_left,liquidity_left,swaps_settled,swaps_reverted,oracle_queries,top_up_credits,complete,complete_without_pocket,exhausted,moves
720.0,8,10.0,40,mixed,SEND,20,15.0,757.7500000000001,12.250000000000059,275.6,0.0,0.0,0.0,50.0,20,0,20,4.85
720.0,8,10.0,40,mixed,BLIND,20,5.1,322.32500000000016,397.6750000000001,215.8,4.65,13.9,0.0,0.0,0,0,0,4.85
720.0,8,10.0,40,mixed,MORNING,20,10.2,552.8550000000001,167.14500000000007,146.4,9.95,6.8,5.0,0.0,3,3,0,4.85
720.0,8,10.0,40,mixed,CAUTIOUS,20,10.85,632.2500000000002,87.75000000000004,162.2,8.85,4.6,7.0,0.0,0,0,0,4.85
720.0,8,10.0,40,control,SEND,80,15.0,757.7500000000001,12.250000000000085,200.0,0.0,0.0,0.0,50.0,80,0,80,4.85
720.0,8,10.0,40,control,BLIND,80,4.8625,303.21999999999997,416.7800000000003,200.0,4.8625,14.1375,0.0,0.0,0,0,0,4.85
720.0,8,10.0,40,control,MORNING,80,10.3,554.0550000000001,165.9450000000002,200.0,10.3,6.6,5.0,0.0,12,12,0,4.85
720.0,8,10.0,40,control,CAUTIOUS,80,11.25,626.2475000000002,93.75250000000003,200.0,9.25,4.75,7.0,0.0,0,0,0,4.85
720.0,8,10.0,48,mixed,SEND,20,15.0,757.7500000000001,12.250000000000059,290.3,0.0,0.0,0.0,50.0,20,0,20,5.7
720.0,8,10.0,48,mixed,BLIND,20,5.9,366.6725000000001,353.3275000000002,218.8,5.4,17.1,0.0,0.0,0,0,0,5.7
720.0,8,10.0,48,mixed,MORNING,20,11.05,593.6775,126.32250000000008,139.4,11.0,8.75,4.85,0.0,1,1,0,5.7
720.0,8,10.0,48,mixed,CAUTIOUS,20,12.75,685.7575000000002,39.24250000000008,151.5,10.7,5.15,8.55,5.0,3,2,1,5.7
720.0,8,10.0,48,control,SEND,80,15.0,757.7500000000001,12.250000000000085,200.0,0.0,0.0,0.0,50.0,80,0,80,5.7
720.0,8,10.0,48,control,BLIND,80,5.575,344.76937499999997,375.230625,200.0,5.575,17.425,0.0,0.0,0,0,0,5.7
720.0,8,10.0,48,control,MORNING,80,11.3,586.7625000000002,133.23750000000015,200.0,11.3,9.0,4.9,0.0,20,20,0,5.7
720.0,8,10.0,48,control,CAUTIOUS,80,13.0,683.1675,44.332500000000046,200.0,10.95,5.45,8.6,7.5,20,16,8,5.7
720.0,8,15.0,40,mixed,SEND,20,15.0,757.7500000000001,12.250000000000059,274.9,0.0,0.0,0.0,50.0,20,0,20,4.85
720.0,8,15.0,40,mixed,BLIND,20,5.05,322.32500000000016,397.6750000000001,215.1,4.6,13.9,0.0,0.0,0,0,0,4.85
720.0,8,15.0,40,mixed,MORNING,20,10.2,573.4850000000001,146.5150000000001,146.4,9.9,6.8,5.0,0.0,2,2,0,4.85
720.0,8,15.0,40,mixed,CAUTIOUS,20,10.65,655.095,67.40500000000006,163.6,8.65,4.75,7.0,2.5,0,0,1,4.85
720.0,8,15.0,40,control,SEND,80,15.0,757.7500000000001,12.250000000000085,200.0,0.0,0.0,0.0,50.0,80,0,80,4.85
720.0,8,15.0,40,control,BLIND,80,4.8625,303.21999999999997,416.7800000000003,200.0,4.8625,14.1375,0.0,0.0,0,0,0,4.85
720.0,8,15.0,40,control,MORNING,80,10.3,573.4300000000002,146.57000000000025,200.0,10.3,6.6,5.0,0.0,12,12,0,4.85
720.0,8,15.0,40,control,CAUTIOUS,80,11.05,649.8475000000001,72.65250000000007,200.0,9.05,4.9,7.0,2.5,0,0,4,4.85
720.0,8,15.0,48,mixed,SEND,20,15.0,757.7500000000001,12.250000000000059,289.8,0.0,0.0,0.0,50.0,20,0,20,5.7
720.0,8,15.0,48,mixed,BLIND,20,5.95,369.4250000000001,350.57500000000016,217.8,5.4,17.05,0.0,0.0,0,0,0,5.7
720.0,8,15.0,48,mixed,MORNING,20,10.95,611.1675000000001,108.83250000000012,138.1,10.95,8.65,4.85,0.0,1,1,0,5.7
720.0,8,15.0,48,mixed,CAUTIOUS,20,12.45,722.9725000000001,32.027500000000074,154.3,10.45,5.55,8.8,35.0,1,0,8,5.7
720.0,8,15.0,48,control,SEND,80,15.0,757.7500000000001,12.250000000000085,200.0,0.0,0.0,0.0,50.0,80,0,80,5.7
720.0,8,15.0,48,control,BLIND,80,5.575,344.76937499999997,375.230625,200.0,5.575,17.425,0.0,0.0,0,0,0,5.7
720.0,8,15.0,48,control,MORNING,80,11.3,604.6874999999995,115.31250000000004,200.0,11.3,9.0,4.9,0.0,20,20,0,5.7
720.0,8,15.0,48,control,CAUTIOUS,80,12.65,721.7349999999999,33.26500000000007,200.0,10.65,5.9,8.9,35.0,8,0,36,5.7
720.0,12,10.0,40,mixed,SEND,20,15.0,757.7500000000001,12.250000000000059,283.6,0.0,0.0,0.0,50.0,20,0,20,3.0
720.0,12,10.0,40,mixed,BLIND,20,6.65,391.91999999999996,328.0800000000002,206.2,6.3,12.35,0.0,0.0,0,0,0,3.0
720.0,12,10.0,40,mixed,MORNING,20,8.5,532.0749999999999,187.925,178.6,8.3,8.5,5.0,0.0,0,0,0,3.0
720.0,12,10.0,40,mixed,CAUTIOUS,20,13.0,668.7999999999998,51.20000000000006,131.6,11.0,3.0,7.0,0.0,0,0,0,3.0
720.0,12,10.0,40,control,SEND,80,15.0,757.7500000000001,12.250000000000085,200.0,0.0,0.0,0.0,50.0,80,0,80,3.0
720.0,12,10.0,40,control,BLIND,80,6.3875,376.16187500000007,343.83812500000005,200.0,6.3875,12.6125,0.0,0.0,0,0,0,3.0
720.0,12,10.0,40,control,MORNING,80,9.0,550.6500000000008,169.35000000000025,200.0,9.0,8.0,5.0,0.0,0,0,0,3.0
720.0,12,10.0,40,control,CAUTIOUS,80,13.0,668.8000000000009,51.20000000000016,200.0,11.0,3.0,7.0,0.0,0,0,0,3.0
720.0,12,10.0,48,mixed,SEND,20,15.0,757.7500000000001,12.250000000000059,305.1,0.0,0.0,0.0,50.0,20,0,20,4.0
720.0,12,10.0,48,mixed,BLIND,20,7.05,412.80250000000007,307.1975000000001,210.8,6.8,15.95,0.0,0.0,0,0,0,4.0
720.0,12,10.0,48,mixed,MORNING,20,12.0,659.8775000000003,60.1225000000001,154.2,12.0,8.55,5.0,0.0,0,0,0,4.0
720.0,12,10.0,48,mixed,CAUTIOUS,20,14.8,709.2500000000001,10.750000000000059,129.9,12.8,3.0,8.0,0.0,16,16,0,4.0
720.0,12,10.0,48,control,SEND,80,15.0,757.7500000000001,12.250000000000085,200.0,0.0,0.0,0.0,50.0,80,0,80,4.0
720.0,12,10.0,48,control,BLIND,80,6.9125,405.1918749999997,314.80812500000025,200.0,6.9125,16.0875,0.0,0.0,0,0,0,4.0
720.0,12,10.0,48,control,MORNING,80,12.0,646.400000000001,73.60000000000012,200.0,12.0,9.0,5.0,0.0,0,0,0,4.0
720.0,12,10.0,48,control,CAUTIOUS,80,15.0,709.2500000000001,10.750000000000082,200.0,13.0,3.0,8.0,0.0,80,80,0,4.0
720.0,12,15.0,40,mixed,SEND,20,15.0,757.7500000000001,12.250000000000059,283.6,0.0,0.0,0.0,50.0,20,0,20,3.0
720.0,12,15.0,40,mixed,BLIND,20,6.65,391.91999999999996,328.0800000000002,206.2,6.3,12.35,0.0,0.0,0,0,0,3.0
720.0,12,15.0,40,mixed,MORNING,20,8.5,551.4750000000001,168.52500000000012,178.6,8.3,8.5,5.0,0.0,0,0,0,3.0
720.0,12,15.0,40,mixed,CAUTIOUS,20,13.0,699.9000000000001,20.100000000000072,131.6,11.0,3.0,7.0,0.0,0,0,0,3.0
720.0,12,15.0,40,control,SEND,80,15.0,757.7500000000001,12.250000000000085,200.0,0.0,0.0,0.0,50.0,80,0,80,3.0
720.0,12,15.0,40,control,BLIND,80,6.3875,376.16187500000007,343.83812500000005,200.0,6.3875,12.6125,0.0,0.0,0,0,0,3.0
720.0,12,15.0,40,control,MORNING,80,9.0,564.4499999999996,155.54999999999987,200.0,9.0,8.0,5.0,0.0,0,0,0,3.0
720.0,12,15.0,40,control,CAUTIOUS,80,13.0,699.900000000001,20.100000000000083,200.0,11.0,3.0,7.0,0.0,0,0,0,3.0
720.0,12,15.0,48,mixed,SEND,20,15.0,757.7500000000001,12.250000000000059,302.3,0.0,0.0,0.0,50.0,20,0,20,4.0
720.0,12,15.0,48,mixed,BLIND,20,7.35,429.0625000000001,290.9375000000001,206.4,6.75,15.65,0.0,0.0,0,0,0,4.0
720.0,12,15.0,48,mixed,MORNING,20,11.55,680.9775000000002,39.02250000000011,154.9,11.55,8.55,5.0,0.0,0,0,0,4.0
720.0,12,15.0,48,mixed,CAUTIOUS,20,13.8,760.8500000000003,9.150000000000064,136.4,11.8,4.0,9.0,50.0,0,0,20,4.0
720.0,12,15.0,48,control,SEND,80,15.0,757.7500000000001,12.250000000000085,200.0,0.0,0.0,0.0,50.0,80,0,80,4.0
720.0,12,15.0,48,control,BLIND,80,6.9125,405.1918749999997,314.80812500000025,200.0,6.9125,16.0875,0.0,0.0,0,0,0,4.0
720.0,12,15.0,48,control,MORNING,80,12.0,667.5000000000001,52.500000000000036,200.0,12.0,9.0,5.0,0.0,0,0,0,4.0
720.0,12,15.0,48,control,CAUTIOUS,80,14.0,760.849999999999,9.15000000000008,200.0,12.0,4.0,9.0,50.0,0,0,80,4.0
800.0,8,10.0,40,mixed,SEND,20,15.0,784.0499999999997,15.950000000000154,283.7,0.0,0.0,0.0,0.0,20,20,0,4.85
800.0,8,10.0,40,mixed,BLIND,20,4.85,308.4375000000001,491.5625000000001,219.4,4.85,14.15,0.0,0.0,0,0,0,4.85
800.0,8,10.0,40,mixed,MORNING,20,10.3,566.135,233.86500000000015,139.3,10.3,6.6,5.0,0.0,3,3,0,4.85
800.0,8,10.0,40,mixed,CAUTIOUS,20,11.25,644.7574999999999,155.24250000000015,157.6,9.25,4.75,7.0,0.0,0,0,0,4.85
800.0,8,10.0,40,control,SEND,80,15.0,784.0500000000012,15.950000000000136,200.0,0.0,0.0,0.0,0.0,80,80,0,4.85
800.0,8,10.0,40,control,BLIND,80,4.8625,306.42249999999996,493.57750000000044,200.0,4.8625,14.1375,0.0,0.0,0,0,0,4.85
800.0,8,10.0,40,control,MORNING,80,10.3,566.1350000000004,233.86500000000015,200.0,10.3,6.6,5.0,0.0,12,12,0,4.85
800.0,8,10.0,40,control,CAUTIOUS,80,11.25,644.7574999999999,155.24250000000006,200.0,9.25,4.75,7.0,0.0,0,0,0,4.85
800.0,8,10.0,48,mixed,SEND,20,15.0,784.0499999999997,15.950000000000154,306.5,0.0,0.0,0.0,0.0,20,20,0,5.7
800.0,8,10.0,48,mixed,BLIND,20,5.7,353.43,446.5700000000003,216.4,5.7,17.3,0.0,0.0,0,0,0,5.7
800.0,8,10.0,48,mixed,MORNING,20,11.3,600.1825,199.81750000000025,132.0,11.3,9.0,4.9,0.0,5,5,0,5.7
800.0,8,10.0,48,mixed,CAUTIOUS,20,13.05,705.9575000000001,94.04250000000017,145.1,11.05,5.45,8.7,0.0,6,6,0,5.7
800.0,8,10.0,48,control,SEND,80,15.0,784.0500000000012,15.950000000000136,200.0,0.0,0.0,0.0,0.0,80,80,0,5.7
800.0,8,10.0,48,control,BLIND,80,5.575,349.00687500000004,450.9931250000001,200.0,5.575,17.425,0.0,0.0,0,0,0,5.7
800.0,8,10.0,48,control,MORNING,80,11.3,600.1825000000006,199.81750000000025,200.0,11.3,9.0,4.9,0.0,20,20,0,5.7
800.0,8,10.0,48,control,CAUTIOUS,80,13.05,705.9575,94.04250000000016,200.0,11.05,5.45,8.7,0.0,24,24,0,5.7
800.0,8,15.0,40,mixed,SEND,20,15.0,784.0499999999997,15.950000000000154,283.7,0.0,0.0,0.0,0.0,20,20,0,4.85
800.0,8,15.0,40,mixed,BLIND,20,4.85,308.4375000000001,491.5625000000001,219.4,4.85,14.15,0.0,0.0,0,0,0,4.85
800.0,8,15.0,40,mixed,MORNING,20,10.3,588.8949999999999,211.10500000000016,139.3,10.3,6.6,5.0,0.0,3,3,0,4.85
800.0,8,15.0,40,mixed,CAUTIOUS,20,11.25,673.3275000000001,126.67250000000013,157.6,9.25,4.75,7.0,0.0,0,0,0,4.85
800.0,8,15.0,40,control,SEND,80,15.0,784.0500000000012,15.950000000000136,200.0,0.0,0.0,0.0,0.0,80,80,0,4.85
800.0,8,15.0,40,control,BLIND,80,4.8625,306.42249999999996,493.57750000000044,200.0,4.8625,14.1375,0.0,0.0,0,0,0,4.85
800.0,8,15.0,40,control,MORNING,80,10.3,588.8950000000007,211.10500000000025,200.0,10.3,6.6,5.0,0.0,12,12,0,4.85
800.0,8,15.0,40,control,CAUTIOUS,80,11.25,673.3274999999998,126.67250000000017,200.0,9.25,4.75,7.0,0.0,0,0,0,4.85
800.0,8,15.0,48,mixed,SEND,20,15.0,784.0499999999997,15.950000000000154,306.5,0.0,0.0,0.0,0.0,20,20,0,5.7
800.0,8,15.0,48,mixed,BLIND,20,5.7,353.43,446.5700000000003,216.4,5.7,17.3,0.0,0.0,0,0,0,5.7
800.0,8,15.0,48,mixed,MORNING,20,11.3,622.2224999999999,177.7775000000002,132.0,11.3,9.0,4.9,0.0,5,5,0,5.7
800.0,8,15.0,48,mixed,CAUTIOUS,20,13.05,741.3225,58.67750000000016,145.1,11.05,5.45,8.7,0.0,6,6,0,5.7
800.0,8,15.0,48,control,SEND,80,15.0,784.0500000000012,15.950000000000136,200.0,0.0,0.0,0.0,0.0,80,80,0,5.7
800.0,8,15.0,48,control,BLIND,80,5.575,349.00687500000004,450.9931250000001,200.0,5.575,17.425,0.0,0.0,0,0,0,5.7
800.0,8,15.0,48,control,MORNING,80,11.3,622.2225000000008,177.77750000000023,200.0,11.3,9.0,4.9,0.0,20,20,0,5.7
800.0,8,15.0,48,control,CAUTIOUS,80,13.05,741.3224999999999,58.67750000000022,200.0,11.05,5.45,8.7,0.0,24,24,0,5.7
800.0,12,10.0,40,mixed,SEND,20,15.0,784.0499999999997,15.950000000000154,289.7,0.0,0.0,0.0,0.0,20,20,0,3.0
800.0,12,10.0,40,mixed,BLIND,20,6.3,372.65250000000003,427.3475000000002,207.0,6.3,12.7,0.0,0.0,0,0,0,3.0
800.0,12,10.0,40,mixed,MORNING,20,9.0,554.55,245.4500000000002,170.5,9.0,8.0,5.0,0.0,0,0,0,3.0
800.0,12,10.0,40,mixed,CAUTIOUS,20,13.0,699.0,101.00000000000018,132.8,11.0,3.0,7.0,0.0,0,0,0,3.0
800.0,12,10.0,40,control,SEND,80,15.0,784.0500000000012,15.950000000000136,200.0,0.0,0.0,0.0,0.0,80,80,0,3.0
800.0,12,10.0,40,control,BLIND,80,6.3875,376.59437499999996,423.4056250000003,200.0,6.3875,12.6125,0.0,0.0,0,0,0,3.0
800.0,12,10.0,40,control,MORNING,80,9.0,554.5500000000004,245.45000000000041,200.0,9.0,8.0,5.0,0.0,0,0,0,3.0
800.0,12,10.0,40,control,CAUTIOUS,80,13.0,699.0,101.00000000000004,200.0,11.0,3.0,7.0,0.0,0,0,0,3.0
800.0,12,10.0,48,mixed,SEND,20,15.0,784.0499999999997,15.950000000000154,312.2,0.0,0.0,0.0,0.0,20,20,0,4.0
800.0,12,10.0,48,mixed,BLIND,20,6.85,401.6825000000001,398.3175000000002,212.8,6.85,16.15,0.0,0.0,0,0,0,4.0
800.0,12,10.0,48,mixed,MORNING,20,12.0,672.7000000000002,127.30000000000021,149.3,12.0,9.0,5.0,0.0,0,0,0,4.0
800.0,12,10.0,48,mixed,CAUTIOUS,20,15.0,739.4500000000003,60.55000000000017,125.7,13.0,3.0,8.0,0.0,20,20,0,4.0
800.0,12,10.0,48,control,SEND,80,15.0,784.0500000000012,15.950000000000136,200.0,0.0,0.0,0.0,0.0,80,80,0,4.0
800.0,12,10.0,48,control,BLIND,80,6.9125,405.6243749999996,394.37562500000047,200.0,6.9125,16.0875,0.0,0.0,0,0,0,4.0
800.0,12,10.0,48,control,MORNING,80,12.0,672.6999999999991,127.30000000000037,200.0,12.0,9.0,5.0,0.0,0,0,0,4.0
800.0,12,10.0,48,control,CAUTIOUS,80,15.0,739.449999999999,60.55000000000017,200.0,13.0,3.0,8.0,0.0,80,80,0,4.0
800.0,12,15.0,40,mixed,SEND,20,15.0,784.0499999999997,15.950000000000154,289.7,0.0,0.0,0.0,0.0,20,20,0,3.0
800.0,12,15.0,40,mixed,BLIND,20,6.3,372.65250000000003,427.3475000000002,207.0,6.3,12.7,0.0,0.0,0,0,0,3.0
800.0,12,15.0,40,mixed,MORNING,20,9.0,579.55,220.45000000000022,170.5,9.0,8.0,5.0,0.0,0,0,0,3.0
800.0,12,15.0,40,mixed,CAUTIOUS,20,13.0,718.8999999999999,81.10000000000015,132.8,11.0,3.0,7.0,0.0,0,0,0,3.0
800.0,12,15.0,40,control,SEND,80,15.0,784.0500000000012,15.950000000000136,200.0,0.0,0.0,0.0,0.0,80,80,0,3.0
800.0,12,15.0,40,control,BLIND,80,6.3875,376.59437499999996,423.4056250000003,200.0,6.3875,12.6125,0.0,0.0,0,0,0,3.0
800.0,12,15.0,40,control,MORNING,80,9.0,579.5500000000005,220.45000000000041,200.0,9.0,8.0,5.0,0.0,0,0,0,3.0
800.0,12,15.0,40,control,CAUTIOUS,80,13.0,718.900000000001,81.10000000000029,200.0,11.0,3.0,7.0,0.0,0,0,0,3.0
800.0,12,15.0,48,mixed,SEND,20,15.0,784.0499999999997,15.950000000000154,312.2,0.0,0.0,0.0,0.0,20,20,0,4.0
800.0,12,15.0,48,mixed,BLIND,20,6.85,401.6825000000001,398.3175000000002,212.8,6.85,16.15,0.0,0.0,0,0,0,4.0
800.0,12,15.0,48,mixed,MORNING,20,12.0,686.5,113.5000000000002,149.3,12.0,9.0,5.0,0.0,0,0,0,4.0
800.0,12,15.0,48,mixed,CAUTIOUS,20,15.0,764.3500000000003,35.65000000000016,125.7,13.0,3.0,8.0,0.0,20,20,0,4.0
800.0,12,15.0,48,control,SEND,80,15.0,784.0500000000012,15.950000000000136,200.0,0.0,0.0,0.0,0.0,80,80,0,4.0
800.0,12,15.0,48,control,BLIND,80,6.9125,405.6243749999996,394.37562500000047,200.0,6.9125,16.0875,0.0,0.0,0,0,0,4.0
800.0,12,15.0,48,control,MORNING,80,12.0,686.5,113.50000000000007,200.0,12.0,9.0,5.0,0.0,0,0,0,4.0
800.0,12,15.0,48,control,CAUTIOUS,80,15.0,764.349999999999,35.65000000000013,200.0,13.0,3.0,8.0,0.0,80,80,0,4.0
